id,user_id,track_id,content,created_at,rating
1,47,38,"Great track #38, love the mood!",2023-05-11 16:20:18,4
2,78,36,"Great track #36, love the mood!",2023-10-22 04:03:17,3
3,10,32,"Great track #32, love the mood!",2023-11-26 09:32:47,4
4,37,32,"Great track #32, love the mood!",2023-02-13 15:18:02,5
5,78,17,"Great track #17, love the mood!",2024-04-11 05:58:18,3
6,50,23,"Great track #23, love the mood!",2024-04-05 02:14:58,4
7,20,22,"Great track #22, love the mood!",2023-11-12 00:39:46,4
8,60,2,"Great track #2, love the mood!",2025-02-12 00:45:50,4
9,48,1,"Great track #1, love the mood!",2024-02-10 15:17:02,4
10,24,1,"Great track #1, love the mood!",2024-12-29 18:36:45,5
11,42,28,"Great track #28, love the mood!",2023-08-17 22:11:48,5
12,24,29,"Great track #29, love the mood!",2023-06-22 03:40:59,5
13,21,27,"Great track #27, love the mood!",2023-02-10 17:56:08,3
14,50,5,"Great track #5, love the mood!",2023-07-08 15:41:07,5
15,56,33,"Great track #33, love the mood!",2023-02-01 06:26:14,5
16,16,2,"Great track #2, love the mood!",2023-12-09 10:37:50,4
17,1,38,"Great track #38, love the mood!",2023-04-16 21:20:37,5
18,36,37,"Great track #37, love the mood!",2023-01-06 16:02:53,5
19,9,30,"Great track #30, love the mood!",2023-03-18 07:18:37,3
20,26,9,"Great track #9, love the mood!",2025-02-15 08:13:10,5
21,52,11,"Great track #11, love the mood!",2025-03-30 12:12:49,3
22,45,34,"Great track #34, love the mood!",2024-12-18 16:21:12,4
23,63,32,"Great track #32, love the mood!",2023-03-19 12:54:27,3
24,36,38,"Great track #38, love the mood!",2024-12-22 06:36:46,3
25,50,33,"Great track #33, love the mood!",2023-07-21 07:57:13,3
26,14,37,"Great track #37, love the mood!",2024-06-05 23:27:12,4
27,77,26,"Great track #26, love the mood!",2024-04-20 11:06:08,4
28,4,32,"Great track #32, love the mood!",2024-11-29 16:14:01,3
29,41,39,"Great track #39, love the mood!",2024-07-16 14:58:16,4
30,73,8,"Great track #8, love the mood!",2023-09-18 01:06:27,3
31,5,23,"Great track #23, love the mood!",2023-07-06 20:38:18,3
32,48,26,"Great track #26, love the mood!",2024-01-09 07:44:38,5
33,73,30,"Great track #30, love the mood!",2024-03-14 19:14:44,5
34,68,40,"Great track #40, love the mood!",2023-09-29 15:35:16,4
35,6,4,"Great track #4, love the mood!",2025-02-09 17:48:50,4
36,14,28,"Great track #28, love the mood!",2024-12-26 16:06:42,5
37,35,34,"Great track #34, love the mood!",2024-10-08 14:02:26,5
38,61,13,"Great track #13, love the mood!",2024-07-18 07:34:39,5
39,16,36,"Great track #36, love the mood!",2023-07-23 07:30:32,5
40,15,32,"Great track #32, love the mood!",2025-02-10 17:59:21,4
41,66,29,"Great track #29, love the mood!",2024-03-14 13:25:30,4
42,58,39,"Great track #39, love the mood!",2024-01-07 03:32:45,4
43,79,40,"Great track #40, love the mood!",2024-06-01 16:35:02,5
44,71,20,"Great track #20, love the mood!",2023-12-03 01:02:04,5
45,31,24,"Great track #24, love the mood!",2024-08-23 20:33:30,5
46,75,38,"Great track #38, love the mood!",2024-12-30 20:46:55,3
47,23,23,"Great track #23, love the mood!",2023-08-13 20:54:15,3
48,11,40,"Great track #40, love the mood!",2023-11-08 04:01:05,3
49,49,17,"Great track #17, love the mood!",2024-10-23 16:26:36,5
50,74,8,"Great track #8, love the mood!",2023-08-20 06:04:52,4
51,63,8,"Great track #8, love the mood!",2023-05-19 13:54:06,5
52,54,38,"Great track #38, love the mood!",2023-10-22 01:59:20,3
53,48,16,"Great track #16, love the mood!",2023-02-28 14:46:30,3
54,10,16,"Great track #16, love the mood!",2025-05-12 14:06:52,4
55,72,14,"Great track #14, love the mood!",2023-03-03 18:36:07,4
56,51,34,"Great track #34, love the mood!",2023-07-26 05:51:39,5
57,62,24,"Great track #24, love the mood!",2023-12-27 20:54:39,3
58,43,22,"Great track #22, love the mood!",2023-10-04 15:56:08,4
59,22,4,"Great track #4, love the mood!",2023-07-31 03:10:51,5
60,36,36,"Great track #36, love the mood!",2025-02-01 22:18:14,4
61,62,33,"Great track #33, love the mood!",2023-07-12 16:57:26,3
62,24,36,"Great track #36, love the mood!",2023-09-03 03:22:45,4
63,76,38,"Great track #38, love the mood!",2023-11-03 05:29:39,4
64,48,8,"Great track #8, love the mood!",2024-12-03 11:55:49,3
65,74,11,"Great track #11, love the mood!",2023-07-18 08:50:16,3
66,75,15,"Great track #15, love the mood!",2023-05-09 17:25:51,4
67,59,33,"Great track #33, love the mood!",2024-11-01 13:32:25,4
68,2,16,"Great track #16, love the mood!",2024-03-06 09:41:29,5
69,57,24,"Great track #24, love the mood!",2023-03-28 10:28:44,4
70,42,31,"Great track #31, love the mood!",2025-02-08 03:01:23,5
71,62,37,"Great track #37, love the mood!",2023-05-03 18:46:12,4
72,39,14,"Great track #14, love the mood!",2023-04-26 11:02:17,3
73,39,14,"Great track #14, love the mood!",2024-04-14 02:16:18,5
74,41,14,"Great track #14, love the mood!",2024-06-27 13:19:59,3
75,65,5,"Great track #5, love the mood!",2023-04-17 23:40:54,5
76,43,32,"Great track #32, love the mood!",2024-06-30 15:00:44,3
77,76,10,"Great track #10, love the mood!",2024-12-14 22:41:23,3
78,7,40,"Great track #40, love the mood!",2024-02-27 06:44:14,5
79,5,13,"Great track #13, love the mood!",2024-08-14 09:22:36,5
80,48,29,"Great track #29, love the mood!",2024-07-01 14:08:09,4
81,24,40,"Great track #40, love the mood!",2024-02-03 20:04:21,3
82,26,37,"Great track #37, love the mood!",2023-06-06 05:55:39,4
83,69,25,"Great track #25, love the mood!",2024-12-16 18:51:19,3
84,67,35,"Great track #35, love the mood!",2024-05-05 05:50:06,4
85,3,26,"Great track #26, love the mood!",2024-02-28 05:11:20,3
86,75,18,"Great track #18, love the mood!",2024-02-18 12:02:10,3
87,8,5,"Great track #5, love the mood!",2023-01-25 13:09:24,4
88,19,32,"Great track #32, love the mood!",2025-01-06 11:53:09,4
89,80,13,"Great track #13, love the mood!",2024-06-26 02:29:37,4
90,75,10,"Great track #10, love the mood!",2023-06-28 11:31:20,3
91,14,34,"Great track #34, love the mood!",2023-04-21 13:12:22,5
92,70,40,"Great track #40, love the mood!",2024-10-07 22:53:17,5
93,80,8,"Great track #8, love the mood!",2023-11-29 21:15:58,3
94,76,16,"Great track #16, love the mood!",2024-07-28 13:49:20,4
95,42,14,"Great track #14, love the mood!",2025-04-01 12:13:22,4
96,65,5,"Great track #5, love the mood!",2023-06-06 18:03:46,3
97,42,32,"Great track #32, love the mood!",2023-02-28 15:13:21,3
98,39,30,"Great track #30, love the mood!",2024-07-28 03:23:48,4
99,7,6,"Great track #6, love the mood!",2024-10-02 07:49:25,4
100,21,25,"Great track #25, love the mood!",2023-10-19 07:53:57,4
101,43,21,"Great track #21, love the mood!",2024-03-17 04:02:12,4
102,21,1,"Great track #1, love the mood!",2023-10-04 13:25:33,3
103,30,22,"Great track #22, love the mood!",2024-01-25 15:17:55,4
104,80,11,"Great track #11, love the mood!",2023-08-13 01:54:58,5
105,32,37,"Great track #37, love the mood!",2024-03-18 04:35:07,3
106,63,6,"Great track #6, love the mood!",2024-11-22 06:13:41,3
107,38,15,"Great track #15, love the mood!",2024-03-05 07:17:23,4
108,50,4,"Great track #4, love the mood!",2024-06-13 05:32:20,4
109,61,4,"Great track #4, love the mood!",2023-03-20 21:51:37,4
110,7,16,"Great track #16, love the mood!",2025-03-27 13:40:03,3
111,7,29,"Great track #29, love the mood!",2024-07-09 13:27:42,3
112,51,13,"Great track #13, love the mood!",2024-06-08 05:20:40,3
113,10,17,"Great track #17, love the mood!",2023-05-13 22:13:39,5
114,23,1,"Great track #1, love the mood!",2023-09-23 01:05:49,3
115,38,7,"Great track #7, love the mood!",2025-01-27 17:12:48,4
116,52,5,"Great track #5, love the mood!",2024-08-18 04:08:50,5
117,6,39,"Great track #39, love the mood!",2024-06-08 10:29:13,4
118,33,6,"Great track #6, love the mood!",2025-04-01 16:24:22,5
119,43,18,"Great track #18, love the mood!",2023-07-09 12:45:49,3
120,28,13,"Great track #13, love the mood!",2024-11-06 14:40:30,4
121,47,1,"Great track #1, love the mood!",2023-08-07 11:24:55,5
122,44,39,"Great track #39, love the mood!",2023-04-15 20:30:24,4
123,56,21,"Great track #21, love the mood!",2025-05-07 15:15:53,3
124,57,40,"Great track #40, love the mood!",2023-06-03 21:24:17,5
125,48,31,"Great track #31, love the mood!",2025-05-02 18:54:21,3
126,73,4,"Great track #4, love the mood!",2024-05-26 15:13:03,3
127,39,38,"Great track #38, love the mood!",2023-10-05 04:48:53,3
128,11,38,"Great track #38, love the mood!",2023-06-30 16:07:59,5
129,14,19,"Great track #19, love the mood!",2023-09-06 20:26:23,5
130,75,39,"Great track #39, love the mood!",2024-02-25 04:48:30,5
131,15,19,"Great track #19, love the mood!",2023-06-21 09:00:27,4
132,1,6,"Great track #6, love the mood!",2023-12-03 09:56:36,5
133,47,26,"Great track #26, love the mood!",2023-10-22 17:20:35,5
134,16,19,"Great track #19, love the mood!",2023-09-19 20:43:18,4
135,42,10,"Great track #10, love the mood!",2023-01-10 03:18:56,3
136,21,2,"Great track #2, love the mood!",2023-06-18 03:14:23,4
137,39,3,"Great track #3, love the mood!",2023-08-25 14:26:39,3
138,80,33,"Great track #33, love the mood!",2024-04-15 12:26:43,5
139,40,28,"Great track #28, love the mood!",2025-02-20 22:31:23,5
140,67,26,"Great track #26, love the mood!",2024-09-18 16:05:04,4
141,80,20,"Great track #20, love the mood!",2025-04-24 22:48:35,3
142,70,10,"Great track #10, love the mood!",2024-12-21 00:58:54,3
143,77,8,"Great track #8, love the mood!",2024-01-20 09:44:58,5
144,50,30,"Great track #30, love the mood!",2024-05-23 03:31:59,5
145,14,27,"Great track #27, love the mood!",2024-04-30 04:35:08,4
146,74,8,"Great track #8, love the mood!",2024-05-02 00:42:52,3
147,20,8,"Great track #8, love the mood!",2025-05-19 18:51:36,5
148,4,7,"Great track #7, love the mood!",2023-06-03 01:38:47,3
149,8,34,"Great track #34, love the mood!",2024-05-04 00:49:51,3
150,28,7,"Great track #7, love the mood!",2024-07-12 09:49:16,4
